-4.77,82.185,21.034,124.972,120.675,178.814,2.689,12.5
-5.023,78.189,21.034,81.488,99.916,180.865,2.681,12.6
-5.026,82.979,21.034,63.687,90.891,180.865,2.676,11.8
-5.027,90.289,21.034,70.307,86.306,179.773,2.664,10.2
-5.029,95.391,21.062,59.042,89.16,178.952,2.663,9.7
-5.031,100.68,21.112,70.344,94.949,178.404,2.67,9.8
-5,95.881,21.412,138.541,95.975,177.584,2.689,11.4
-4.917,89.182,21.412,179.965,94.36,176.767,2.701,11.6
-4.958,77.713,21.412,184.254,90.53,178.27,2.707,11.6
-4.916,71.388,21.412,70.934,81.201,179.225,2.703,11.6
-4.75,67.126,21.379,86.674,62.461,178.129,2.69,12.2
-4.75,67.751,21.313,70.714,56.168,175.944,2.682,13.3
-4.75,70.001,21.034,52.631,59.518,177.994,2.66,15.9
-4.75,75.874,21.034,53.314,60.302,178.814,2.663,16.1
-4.75,83.767,21.034,89.839,63.514,180.317,2.659,15.7
-4.792,87.497,21.034,139.035,69.42,182.775,2.653,15.1
-4.875,89.834,21.034,53.324,80.519,186.335,2.642,14.6
-4.875,89.501,21.034,50.93,84.7,185.787,2.63,14.9
-4.875,89.417,21.034,114.799,78.85,186.331,2.636,15
-4.708,92.172,21.034,70.373,72.643,186.879,2.65,15.6
-4.625,94.816,21.034,64.671,68.881,185.645,2.658,15.5
-4.667,98.627,21.034,54.073,63.697,183.188,2.663,14.3
-4.75,101.25,21.034,42.722,61.869,183.736,2.659,13.3
-4.625,101.313,21.034,57.281,61.632,182.096,2.642,11.9
-4.542,100.355,21.034,59.249,64.881,181.823,2.635,11.9
-4.5,100.749,21.034,54.559,75.77,180.865,2.627,13
-4.542,100.876,21.034,79.725,85.627,180.455,2.626,13.6
-4.583,98.216,21.034,99.572,94.195,180.455,2.632,14.2
-4.5,94.134,21.034,375.611,90.39,180.455,2.642,14.9
-4.625,84.307,21.034,88.976,82.437,178.811,2.658,16.5
-4.458,81.683,21.034,65.711,86.234,177.719,2.641,18.7
-4.459,85.012,21.034,45.069,87.614,178.27,2.622,19.5
-4.625,102.345,21.034,129.444,88.083,181.275,2.592,17.1
-4.625,118.504,21.034,184.87,91.062,182.916,2.575,14
-4.875,135.873,21.034,81.63,106.236,187.837,2.568,7.9
-4.875,141.788,21.034,41.852,99.68,189.478,2.576,8
-5.041,136.176,21.034,49.49,84.252,190.298,2.599,10.9
-5.125,127.804,21.041,65.413,77.01,190.298,2.614,13.8
-5.166,113.816,21.054,55.996,76.808,190.57,2.626,17.2
-5.25,102.153,21.054,77.927,81.038,191.118,2.627,17.9
-5.25,92.614,21.173,96.65,99.844,182.506,2.641,17
-5.333,86.825,21.24,116.117,117.128,181.958,2.652,16.2
-5.417,83.938,21.199,191.582,128.181,181.137,2.656,16.7
-5.458,89.006,21.062,151.742,129.684,180.045,2.641,18
-5.375,99.128,21.074,126.488,122.998,180.045,2.622,17.6
-5.125,123.119,21.054,82.563,99.856,186.604,2.606,14.2
-4.875,133.034,21.054,70.508,87.914,186.607,2.621,11.3
-4.833,130.385,21.041,54.372,80.401,183.329,2.644,10.2
-4.958,118.091,21.062,53.862,82.211,180.324,2.653,11.6
-5.208,94.156,21.212,78.08,89.876,177.312,2.658,14.5
-5.376,80.251,21.412,149.506,94.883,176.767,2.662,15.7
-5.75,80.765,21.412,114.286,101.736,179.641,2.654,17.6
-5.75,90.012,21.412,84.996,89.396,183.743,2.649,18.9
-5.833,99.754,21.412,83.123,54.803,192.9,2.645,19.3
-6.042,102.083,21.412,54.31,35.544,195.902,2.653,18.4
-6.375,101.625,21.412,39.963,25.407,194.809,2.671,16.8
-6.5,88.88,21.412,9.104,23.75,188.661,2.699,14.4
-6.417,80.175,21.372,15.344,24.561,185.38,2.706,14.7
-6.292,68.199,21.166,106.122,29.307,174.182,2.705,15.9
-6.416,63.752,21.062,169.337,43.881,168.837,2.695,16.7
-6.833,64.366,21.041,108.956,90.389,169.103,2.676,17.7
-7,68.133,21.054,98.945,133.839,171.846,2.666,18.6
-7.25,73.882,21.034,194.812,119.664,173.896,2.656,17
-7.167,78.755,21.034,145.504,109.787,175.261,2.657,16.3
-7.125,87.733,21.034,66.456,95.43,175.123,2.654,15
-7.167,93.689,21.034,87.43,87.1,175.261,2.648,14.4
-7.21,100.249,21.034,60.845,80.645,177.719,2.634,14.4
-7.129,102.623,21.034,79.925,82.223,180.452,2.62,14.8
-7.212,99.795,21.034,79.818,87.361,181.82,2.615,14.9
-7.254,98.209,21.034,125.667,102.36,184.143,2.616,15.4
-10.641,110.317,20.897,96.934,246.651,183.739,2.583,13.3
-10.89,100.012,20.757,141.804,248.829,188.651,2.588,16.7
-11.223,99.792,20.823,174.265,255.888,186.203,2.59,16
-12.059,99.395,20.828,146.26,293.941,186.338,2.591,13
-12.474,101.905,20.81,111.695,321.839,187.703,2.589,11
-12.518,106.624,20.782,269.023,345.098,190.849,2.581,11.1
-12.273,105.503,20.757,247.725,348.827,194.399,2.575,13.7
-12.19,109.377,20.757,250.096,380.332,192.483,2.587,15.8
-12.07,109.229,20.823,239.875,409.599,192.076,2.605,16.5
-12.031,109.686,20.869,329.237,381.617,191.804,2.614,15.1
-12.031,113.374,20.869,224.699,288.974,189.071,2.617,11.4
-12.031,114.748,20.815,203.886,242.805,185.79,2.612,9.5
-12.25,117.059,20.914,98.634,213.227,190.291,2.608,9.5
-12.333,114.652,20.996,169.846,211.685,188.661,2.619,8.5
-12.208,109.472,21.034,152.242,239.849,185.373,2.636,7.3
-12,105.724,21.034,191.672,291.789,182.913,2.643,6.8
-11.708,102.459,21.034,421.776,402.65,180.317,2.641,7.1
-11.625,103.002,21.034,417.204,474.649,180.048,2.632,8.4
-11.75,108.75,21.034,316.994,593.291,187.837,2.618,10.5
-11.833,110.791,21.034,316.244,591.293,192.759,2.608,10.9
-11.958,111.459,20.988,298.756,582.717,196.174,2.602,11
-12.208,108.817,20.856,397.662,548.889,197.68,2.601,10.6
-12.375,104.944,20.777,336.33,511.518,196.86,2.602,10.3
-12.25,104.126,20.757,319.493,401.65,194.813,2.605,9.1
-12.25,101.174,20.744,226.364,349.024,193.992,2.616,8.7
-12.167,99.228,20.724,168.944,307.014,190.839,2.631,7.8
-12.125,98.269,20.711,198.3,302.131,188.654,2.639,7.4
-12.25,99.901,20.716,269.376,320.151,186.331,2.637,6.8
-12.5,106.064,20.757,401.559,344.728,184.966,2.621,6
-12.25,112.437,20.716,350.499,398.493,184.966,2.616,5.8
-12.25,115.436,20.81,260.277,421.768,184.694,2.618,5.7
-12.208,114.379,20.914,266.488,418.958,184.012,2.619,5.9
-12.125,107.879,21.034,298.007,388.791,182.506,2.619,6.5
-12.125,105.13,21.034,350.922,386.458,181.685,2.614,6.6
-12,98.885,21.034,208.918,423.36,184.553,2.613,7.4
-12,104.762,21.034,249.594,428.583,185.928,2.62,7.5
-12,114.823,21.034,332.826,419.694,186.879,2.633,7.4
-11.916,122.593,21.034,369.128,400.8,187.427,2.64,7.3
-11.416,131.417,21.034,284.025,357.2,188.385,2.644,7.4
-10.75,132.249,21.034,274.979,322.651,188.658,2.641,8.2
-10.375,127.938,21.034,192.256,323.979,195.63,2.624,8.9
-10.125,122.774,21.034,213.6,312.608,194.265,2.611,8.5
-9.667,116.192,21.008,418.609,326.208,192.214,2.587,7.3
-9.417,113.834,20.889,328.144,375.747,190.711,2.582,6.7
-9.25,113.126,20.678,172.148,455.682,189.071,2.589,6.6
-8.751,112.439,20.638,437.048,417.483,179.241,2.605,6.9
-8.5,110.392,20.638,576.429,431.67,180.045,2.629,6.8
-8.208,102.95,20.638,213.187,467.549,181.551,2.641,6.1
-7.958,96.514,20.638,234.783,469.926,182.233,2.642,5.7
-7.458,86.58,20.737,410.198,465.229,182.778,2.642,5.6
-7.125,79.625,20.935,310.745,503.491,183.326,2.638,6.2
-7.129,74.752,21.034,406.208,563.756,187.017,2.617,8.2
-7.212,74.334,21.034,409.339,532.76,189.202,2.614,9
-7.337,73.917,21.034,288.208,517.508,192.483,2.615,9
-7.462,75.39,21.034,336.808,514.829,194.124,2.619,8.3
-7.712,79.164,21.034,300.863,512.047,193.313,2.626,7
-7.879,80.377,21.034,405.189,517.893,189.478,2.629,6.8
-7.965,81.293,21.034,368.163,515.649,189.205,2.621,6.9
-8.008,80.04,21.034,313.986,497.633,187.699,2.615,7
-8.008,78.833,21.034,296.745,478.214,187.837,2.608,7.3
-8.133,78.771,21.034,252.225,460.09,191.939,2.597,7.6
-8.383,80.062,21.034,235.253,467.723,196.86,2.597,7.5
-8.633,77.001,21.034,328.264,506.456,196.45,2.605,7.9
-8.633,75.876,21.034,393.14,526.603,196.178,2.618,7.4
-8.716,76.727,20.848,396.628,525.384,193.855,2.634,6.4
-8.799,79.388,20.716,325.631,497.017,189.763,2.64,5.7
-8.924,85.779,20.638,232.769,432.94,182.647,2.64,4.8
-9.008,90.752,20.638,250.354,395.769,180.452,2.638,4.4
-9.008,92.564,20.716,283.09,391.472,177.584,2.631,4.9
-8.841,93.48,20.798,323.4,413.368,176.764,2.633,4.9
-8.716,91.935,20.803,215.708,440.663,176.492,2.63,5.1
-8.466,87.896,20.744,177.628,481.075,177.584,2.621,5.5
-8.133,87.813,20.757,202.994,496.56,179.225,2.62,5.9
-8.258,82.69,20.638,247.874,504.375,185.783,2.612,7.4
-8.091,83.686,20.678,186.794,476.601,186.607,2.612,8.2
-8.091,79.113,20.737,293.004,426.19,187.289,2.605,9.4
-8.174,76.542,20.782,340.715,398.864,187.699,2.598,9.7
-8.132,76.709,20.869,227.708,385.584,186.738,2.594,9.3
-7.883,77.133,20.935,315.661,395.177,183.736,2.599,9.1
-7.633,84.003,20.897,194.544,402.581,184.966,2.604,7.9
-7.383,86.585,20.856,359.986,414.625,184.146,2.62,7.3
-7.258,90.667,20.81,240.606,445.677,183.188,2.634,6.4
-7.217,93.562,20.79,223.379,458.051,182.233,2.638,6.1
-7.137,96.561,20.777,266.996,457.783,180.865,2.64,6.2
-7.012,105.931,20.757,327.685,382.658,177.587,2.622,6.7
-7.012,111.139,20.744,250.007,375.02,181.134,2.614,7.5
-7.181,120.154,20.724,178.76,373.423,186.19,2.613,7.8
-7.266,124.681,20.729,230.565,379.8,188.11,2.614,7.9
-7.225,126.413,20.77,202.484,408.536,188.247,2.612,8
-7.144,124.618,20.798,294.76,444.582,187.424,2.613,8
-7.02,117.684,20.815,245.873,437.268,183.736,2.611,7.7
-7.106,114.06,20.803,244.606,369.978,183.188,2.607,7.3
-6.901,106.291,20.798,219.053,307.414,183.464,2.601,6.8
-6.779,99.731,20.815,71,281.784,183.874,2.596,7
-6.658,89.609,20.856,150.223,254.335,185.101,2.595,7.7
-6.41,83.695,20.856,126.583,244.09,187.014,2.602,8.1
-5.997,86.475,20.83,161.322,281.196,193.569,2.594,10.2
-5.711,90.245,20.869,125.997,335.492,198.77,2.582,11.9
-5.59,92.204,20.902,254.607,358.151,199.458,2.579,12.2
-5.375,93.729,20.909,360.908,344.168,199.734,2.587,11.6
-5.273,93.687,20.897,310.953,297.389,201.361,2.602,10.2
-5.152,93.373,20.955,155.606,256.093,191.528,2.614,8.9
-5.069,91.374,20.889,152.021,232.926,192.349,2.602,9.2
-4.78,88.375,20.749,239.746,206.761,191.118,2.588,9.1
-4.564,88.104,20.678,178.516,207.119,188.251,2.581,8.5
-4.254,92.369,20.638,155.755,241.529,182.919,2.572,7
-4.004,97.992,20.638,142.12,279.753,180.458,2.565,6.2
-3.877,102.12,20.638,213.236,348.969,177.997,2.547,5.3
-3.794,101.959,20.638,259.394,444.22,179.904,2.567,5.8
-3.71,97.021,20.638,524.873,520.909,180.865,2.589,6.4
-3.585,82.338,20.638,611.936,548.546,182.512,2.611,7
-3.502,72.305,20.638,313.98,489.608,185.79,2.604,7.4
-3.252,63.438,20.638,190.92,357.241,191.532,2.588,8
-3.169,64.563,20.638,239.366,316.253,194.537,2.577,8.8
-3.127,69.749,20.638,206.376,307.145,198.773,2.585,9.6
-3.044,71.813,20.704,253.214,326.425,199.458,2.593,9.8
-2.835,72.019,20.902,371.224,363.025,197.273,2.604,9.6
-2.752,73.435,21.034,315.9,381.821,195.633,2.622,9.2
-2.377,73.188,21.034,237.984,390.376,185.8,2.634,10
-1.961,72.273,20.942,252.353,384.326,185.242,2.628,11.2
-1.668,70.788,20.81,220.506,365.529,185.376,2.627,12.6
-1.46,66.619,20.638,355.941,300.192,187.293,2.629,13.9
-1.377,62.375,20.638,210,232.366,189.478,2.625,13.8
-1.127,61.907,20.638,136.848,169.338,188.247,2.614,13.9
-0.961,63.156,20.638,82.679,156.769,190.436,2.604,14.2
-0.878,69.05,20.638,91.362,145.969,194.534,2.588,15.1
-0.836,76.617,20.638,277.599,146.366,194.265,2.581,14.9
-0.795,90.551,20.638,194.004,169.068,191.663,2.578,12.5
-0.878,98.673,20.638,294.334,203.898,193.576,2.577,9.8
-1.004,104.054,20.696,163.552,272.798,187.847,2.595,5.9
-1.088,102.183,20.696,330.573,278.026,184.274,2.611,5.4
-1.213,90.107,20.658,164.425,297.415,181.958,2.619,5.6
-1.339,81.242,20.638,171.768,323.312,181.275,2.62,6.7
-1.506,74.617,20.638,253.74,358.2,180.455,2.621,8.4
-1.882,61.344,20.638,467.23,334.922,181.685,2.623,9.8
-1.966,61.844,20.678,358.492,366.888,183.053,2.618,9.3
-2.259,60.324,20.737,259.289,400.91,184.284,2.612,8.2
-2.426,60.238,20.762,232.174,404.715,184.829,2.607,8
-2.552,64.118,20.782,296.336,386.467,186.876,2.602,9.6
-2.637,68.679,20.795,299.845,370.902,189.881,2.605,11.6
-2.763,83.289,20.955,280.586,317.776,189.068,2.625,11.7
-2.848,87.613,20.93,223.082,273.759,187.972,2.634,10.4
-2.975,88.665,20.93,175.647,217.542,186.879,2.635,9.5
-3.143,84.096,20.93,149.214,195.518,186.607,2.627,9.5
-3.395,74.686,20.897,108.63,188.971,186.335,2.613,10.1
-3.396,71.938,20.856,121.949,195.43,185.787,2.61,10.6
-3.482,73.395,20.843,184.867,200.492,188.247,2.603,11.2
-3.527,76.914,20.864,178.582,229.438,189.75,2.596,11.6
-3.487,79.788,20.93,142.016,255.245,189.75,2.595,11.4
-3.52,84.058,21.034,282.428,269.202,190.432,2.601,10.5
-3.75,86.682,21.034,313.415,246.59,192.345,2.616,9.7
-3.875,93.195,21.034,224.667,259.074,187.014,2.653,8.2
-3.958,96.694,21.034,311.494,243.587,185.101,2.658,7.2
-4.25,98.771,21.034,175.646,208.455,182.502,2.66,5.9
-4.417,95.744,21.034,119.694,188.812,179.494,2.658,5.9
-4.583,84.705,21.034,149.129,168.588,175.123,2.659,7.4
-4.75,75.375,21.034,154.747,152.046,175.123,2.668,8.9
-4.875,63.88,21.034,141.885,135.332,175.123,2.666,11.1
-4.958,60.753,21.034,118.775,138.839,172.938,2.668,11.6
-4.958,59.364,21.062,101.696,147.616,171.98,2.674,12.4
-4.917,60.144,21.227,199.105,169.824,172.525,2.687,12.9
-5,60.998,21.45,180.887,186.124,173.073,2.695,12
-4.917,75.942,21.034,83.562,85.38,179.635,2.692,15.6
-4.751,73.547,21.034,63.931,87.059,178.683,2.699,14.2
-4.458,71.669,21.034,84.437,98.352,175.392,2.703,11.6
-4.375,72.756,21.034,92.795,110.316,172.663,2.697,10.6
-4.125,76.505,21.034,87.065,126.172,171.842,2.683,9.6
-3.833,80.585,21.034,119.932,141.239,172.253,2.66,9.5
-3.667,80.916,21.034,109.828,143.13,172.663,2.652,9.8
-3.25,78.584,21.034,115.813,135.703,172.253,2.655,10.7
-2.75,77.001,21.034,99.002,127.563,171.432,2.661,11.9
-2.75,83.433,21.034,107.03,116.825,170.612,2.668,11.8
-2.75,87.14,21.034,79.963,116.704,171.432,2.652,10.5
-2.833,96.277,21.034,68.995,117.101,173.48,2.642,7.7
-2.875,98.32,21.034,96.18,116.67,174.438,2.638,6.7
-2.833,96.171,21.034,109.398,114.986,175.399,2.637,7.8
-2.75,98.37,21.034,125.207,114.276,176.767,2.651,10
-2.667,95.121,21.034,136.864,114.167,179.5,2.651,11.1
-2.542,94.876,21.034,145.368,114.513,181.685,2.651,12.1
-2.417,93.145,21.034,122.438,113.879,182.778,2.65,11.7
-2.083,87.667,21.034,135.368,111.411,183.874,2.646,10.6
-1.75,86.376,21.034,109.72,109.804,183.326,2.638,10.7
-2,82.878,21.034,98.269,106.72,181.685,2.639,11
-1.917,83.333,21.034,90.009,105.448,182.23,2.633,12.4
-1.958,83.687,21.034,88.587,103.663,181.961,2.633,13.9
-1.917,84.189,21.034,82.692,102.448,181.961,2.633,14.2
-1.709,84.289,21.128,110.802,102.657,182.506,2.634,14.2
-1.626,82.744,21.313,80.653,105.601,182.502,2.64,14.2
-1.501,75.56,21.412,105.996,114.037,179.225,2.644,13.9
-1.584,72.603,21.412,102.182,122.077,177.856,2.666,14.9
-1.668,70.729,21.412,112.131,130.983,176.626,2.681,15.3
-1.709,72.56,21.397,182.376,137.951,176.764,2.684,14.7
-1.626,77.808,21.372,184.537,132.333,179.221,2.671,13.9
-2.126,83.432,21.232,85.394,118.393,181.682,2.642,11.4
-2.127,83.188,21.247,68.492,108.815,182.778,2.627,11.1
-1.96,77.451,21.133,94.953,101.98,181.961,2.624,11.9
-1.876,74.374,21.115,87.311,104.89,180.176,2.631,13.1
-1.834,74.962,21.199,133.207,116.004,177.033,2.645,15.5
-1.751,77.138,21.214,195.249,122.583,175.127,2.659,17.4
-1.751,94.067,21.252,155.193,126.497,177.994,2.649,18.5
-1.584,101.814,21.214,93.496,123.133,180.455,2.645,16.8
-1.501,113.976,21.273,80.127,115.89,185.239,2.627,12.6
-1.376,116.71,21.346,68.629,112.134,186.607,2.618,9.7
-1.126,113.878,21.412,76.234,110.186,185.787,2.617,7.3
-1.001,107.507,21.412,70.959,110.955,184.966,2.62,7.5
-1.001,103.009,21.306,85.343,110.09,184.966,2.631,8.7
-1.001,96.783,21.252,187.002,105.035,184.143,2.632,10.5
-1.043,91.906,21.24,146.681,100.486,183.326,2.63,11.7
-1.168,85.102,21.219,104.448,94.717,181.682,2.636,13
-1.252,83.063,21.232,75.811,92.154,180.045,2.646,13.4
-1.252,83.689,21.194,80.193,84.482,180.045,2.668,13.4
-1.335,87.563,21.219,74.372,84.89,178.404,2.671,12.8
-1.544,88.251,21.285,77.927,86.91,177.312,2.67,12.5
-1.793,86.315,21.346,80.254,87.286,177.719,2.666,12.8
-2.169,82.254,21.412,69.315,86.586,178.542,2.662,13.6
-2.254,79.38,21.412,85.407,87.329,177.994,2.661,14
-2.42,78.668,21.306,79.603,88.926,177.994,2.65,13.7
-2.671,78.647,21.359,78.831,91.646,176.075,2.638,14.3
-2.628,80.255,21.412,116.844,93.287,176.085,2.637,15.3
-2.421,85.464,21.412,99.755,95.465,177.994,2.639,16.5
-2.504,90.131,21.412,102.341,97.078,177.997,2.63,16.4
-2.631,101.063,21.412,61.779,103.617,181.275,2.618,13.7
-2.797,102.521,21.412,57.656,97.757,183.188,2.614,12
-2.964,99.17,21.412,123.244,90.056,183.598,2.622,11.9
-2.965,95.691,21.412,63.721,84.781,183.736,2.632,12.8
-2.966,92.376,21.412,73.254,75.17,185.373,2.639,13.6
-3.132,91.502,21.412,45.208,67.505,187.014,2.636,13.4
-3.009,94.305,21.412,36.573,62.006,186.2,2.628,13.3
-2.843,90.764,21.438,44.189,59.461,187.017,2.642,13.4
-2.76,89.961,21.438,56.815,58.092,188.799,2.654,13.7
-2.888,92.731,21.412,56.367,58.344,190.57,2.664,14.2
-3.139,94.439,21.412,47.971,59.247,188.658,2.67,14
-3.266,99.125,21.412,62.937,60.457,188.247,2.654,14.3
-3.434,94.71,21.412,55.19,63.685,186.607,2.655,14.4
-3.685,92.375,21.173,29.763,73.064,185.787,2.651,14.6
-3.77,91.211,21.046,31.927,80.516,185.787,2.648,15
-3.814,90.702,21.034,142.154,90.655,184.97,2.641,15.7
-3.9,94.118,21.034,110.483,96.657,183.329,2.634,16.2
-3.778,99.195,21.034,100.229,112.787,184.559,2.631,16.1
-4.751,124.396,21.034,182.21,250.47,181.692,2.659,7.9
-4.874,120.252,21.034,229.183,264.48,179.635,2.636,7.5
-4.541,121.46,21.034,217.277,252.608,179.635,2.632,7.3
-4.124,123.397,21.034,171.328,241.09,182.371,2.619,7.1
-3.789,124.897,21.034,151.011,237.491,183.598,2.615,7.1
-3.329,124.792,21.034,192.875,232.782,183.464,2.615,7.3
-3.246,121.252,21.034,206.364,226.588,183.736,2.613,7.2
-3.163,125.122,21.034,226.975,234.545,182.916,2.623,7.2
-3.037,126.563,21.034,167.411,247.232,182.233,2.624,7.1
-2.87,127.62,21.034,187.709,252.745,182.913,2.629,6.9
-2.66,129.358,21.034,204.932,264.826,183.605,2.637,6.2
-2.742,127.562,21.034,248.099,284.589,181.685,2.628,5.8
-2.743,126.878,21.034,234.663,336.705,181.275,2.618,5.3
-2.991,129.044,21.034,306.789,369.436,180.727,2.612,5.5
-3.197,131.459,21.034,272.009,387.367,180.183,2.614,6.1
-3.363,133.042,21.08,307.292,377.838,179.907,2.62,6.6
-3.694,133.626,21.219,287.509,345.294,179.497,2.627,7.1
-3.859,131.127,21.313,258.748,321.475,179.225,2.628,6.9
-3.857,132.124,21.173,235.617,306.372,179.225,2.639,6.7
-3.274,131.875,21.133,232.626,306.911,177.86,2.643,6.1
-3.021,134.116,21.1,242.981,311.828,176.902,2.645,5.7
-3.059,137.341,21.062,261.968,324.551,176.219,2.644,5.5
-2.973,134.252,21.034,254.856,331.353,175.947,2.642,5.5
-3.344,136.123,21.034,265.81,314.04,177.994,2.642,5.9
-3.198,134.707,21.034,288.666,312.095,178.542,2.639,5.9
-2.708,135.751,21.034,213.245,318.766,180.731,2.644,5.7
-2.167,137.25,21.034,222.513,321.167,182.778,2.649,5.7
-1.292,135.461,21.034,284.744,314.427,185.649,2.654,6.1
-0.876,129.38,21.034,212.701,306.599,187.017,2.655,6.6
-0.126,121.82,21.034,155.266,316.119,187.427,2.636,6.9
-0.209,117.362,21.034,126.726,296.201,186.335,2.63,6.7
0.082,117.494,21.034,203.225,246.543,186.604,2.627,6.5
0.291,119.252,21.034,214.934,217.822,186.193,2.627,6.5
0.375,120.375,21.034,161.755,200.403,184.556,2.627,6.5
0.625,120.685,21.034,108.938,193.023,183.736,2.618,5.9
0.708,118.769,21.034,113.379,186.801,182.368,2.616,5.2
0.666,109.769,21.034,170.94,181.489,181.685,2.609,5.2
0.499,102.334,21.034,268.492,183.747,181.958,2.602,5.8
0.208,94.106,21.034,104.325,188.001,182.778,2.591,7.2
0.125,91.315,21.034,128.849,183.058,183.326,2.584,8.4
-0.375,96.37,21.034,127.904,157.181,186.193,2.596,7.9
-0.375,95.502,21.034,123.62,152.228,187.562,2.606,7.6
-0.459,94.273,21.062,104.2,147.643,188.792,2.623,7.8
-0.626,91.679,21.173,119.916,150.638,188.658,2.629,8.2
-0.959,86.143,21.346,120.723,161.861,187.014,2.631,9
-1.126,83.805,21.293,133.949,168.162,185.373,2.634,9.5
-1.626,76.391,21.346,216.175,179.352,182.64,2.638,10.3
-2.127,67.354,21.161,113.873,195.869,181.275,2.642,10.4
-2.252,62.949,21.062,118.123,199.266,181.958,2.639,10.8
-2.21,60.342,21.067,180.359,195.231,182.916,2.626,11.8
-2.127,62.092,21.054,96.286,195.432,182.096,2.616,11.6
-1.627,71.114,20.757,126.059,191.992,186.6,2.598,11.1
-1.709,74.618,20.678,107.89,175.793,184.97,2.603,8.9
-1.919,76.25,20.638,108.232,164.594,185.242,2.614,6.2
-2.169,74.829,20.638,95.201,164.376,185.101,2.621,5.1
-2.627,70.956,20.65,72.739,170.275,183.05,2.628,5
-2.877,68.625,20.678,125.742,176.899,181.685,2.631,5.7
-3.002,68.625,20.638,196.129,199.016,179.635,2.635,9.9
-2.585,68.833,20.612,186.248,202.55,179.362,2.637,12.6
-2.419,68.022,20.612,144.514,201.636,179.362,2.634,14
-2.419,65.46,20.638,128.28,196.75,179.09,2.622,12.8
-2.252,64.002,20.638,123.833,197.726,177.994,2.615,10.3
-2.252,70.991,20.638,180.052,199.116,181.272,2.625,8.3
-1.421,73.245,20.638,247.976,206.341,182.092,2.62,8.1
-0.251,77.172,20.638,150.61,217.323,181.41,2.623,7.8
0.164,78.5,20.638,150.376,210.121,181.826,2.625,7.3
0.497,80.316,20.638,152.052,180.867,183.326,2.625,7.4
0.996,84.193,20.638,178.528,165.598,182.506,2.631,9
0.996,96.438,20.678,142.123,124.704,184.556,2.614,11.4
1.079,100.686,20.744,146.123,103.799,184.008,2.614,11.9
1.12,108.308,20.777,76.045,85.912,182.643,2.616,10.2
1.203,114.242,20.757,58.077,79.257,181.958,2.617,8.6
1.369,120.615,20.716,66.749,73.378,181.685,2.618,7.1
1.618,128.489,20.638,74.594,71.604,182.506,2.618,6.3
1.451,129.996,20.638,59.064,77.179,182.506,2.614,6
1.367,121.066,20.638,61.71,85.799,184.149,2.613,6.3
1.366,111.758,20.658,52.702,95.516,184.966,2.614,6.8
1.448,97.157,20.716,62.568,122.601,185.239,2.618,7.8
1.613,85.874,20.757,101.39,149.525,185.787,2.628,8.5
0.987,83.875,20.696,250.383,185.355,183.736,2.63,10.6
0.57,81.626,20.737,277.77,204.247,184.284,2.639,12
0.193,82.623,20.729,118.746,208.6,185.376,2.638,13
0.15,83.127,20.729,108.065,194.332,184.149,2.635,12.2
0.397,83.536,20.762,105.26,162.599,181.548,2.635,9.3
0.728,86.618,20.777,122.136,146.101,182.913,2.632,7.3
0.56,93.64,20.777,124.729,152.655,180.996,2.627,6.6
0.724,98.294,20.79,71.371,170.008,180.317,2.621,6.1
0.846,95.701,20.744,125.668,181.171,179.907,2.619,6.6
0.854,83.93,20.638,261.79,202.288,177.994,2.628,9.1
0.874,73.061,20.638,226.475,227.908,176.354,2.646,11.4
0.75,64.439,20.638,125.381,227.121,172.663,2.656,14.7
0.833,72.641,20.638,153.725,164.834,175.668,2.661,13.7
0.875,84.782,20.836,132.154,102.274,179.359,2.649,11.6
0.791,92.489,20.902,59.992,84.298,182.499,2.636,11
0.707,100.373,20.77,29.378,79.242,187.424,2.621,12.6
0.874,101.373,20.638,50.803,78.137,189.064,2.612,14.5
1.125,101.667,20.638,100.694,82.88,187.699,2.614,14.3
1.166,97.849,20.638,107.193,108.833,187.837,2.631,12.1
1.166,91.574,20.638,77.41,132.185,185.918,2.64,10.6
1.416,79.976,20.638,65.407,159.322,180.589,2.643,9.8
1.749,73.937,20.638,135.408,167.309,179.225,2.649,10.2
1.998,69.189,20.638,159.263,189.641,176.354,2.634,11.7
1.915,67.814,20.638,188.614,209.438,175.261,2.63,11.3
1.874,68.124,20.638,158.361,192.559,177.443,2.635,11.5
1.833,71.096,20.638,216.382,171.451,179.225,2.642,11.7
1.79,78.945,20.65,83.929,150.337,180.179,2.649,12.2
1.874,84.755,20.678,98.265,138.793,180.455,2.652,12.7
2.123,88.435,20.638,127.922,128.371,180.455,2.642,12.7
2.04,86.769,20.638,87.796,129.195,180.455,2.633,12
1.998,85.896,20.683,87.405,124.765,180.455,2.63,11.2
1.873,85.958,20.777,104.349,114.532,179.359,2.637,10.7
1.624,86.25,20.777,63.468,113.386,177.174,2.645,10.9
1.249,88.624,20.836,69.119,123.929,175.123,2.673,12.4
0.916,92.621,20.823,101.847,129.817,175.671,2.666,12.5
0.416,97.246,20.777,181.027,141.49,176.764,2.657,11.9
0.166,101.24,20.744,148.433,153.699,177.584,2.651,11.3
-0.166,105.132,20.724,112.06,172.849,177.997,2.647,10.7
-0.501,102.121,20.737,116.738,179.699,177.177,2.656,10.8
-0.876,99.367,20.716,185.738,173.73,180.042,2.66,9
-1.125,93.827,20.663,153.931,187.551,177.581,2.667,7.9
-1.25,91.479,20.638,142.29,193.429,175.261,2.677,7
-1.333,90.604,20.678,175.876,190.123,175.123,2.679,7.3
-1.5,88.438,20.757,162.752,184.534,175.944,2.677,8
-1.5,91.498,20.757,151.257,189.321,173.893,2.684,8.3
-0.501,100.692,21.034,57.868,66.363,182.916,2.659,8.8
-0.417,92.87,21.034,70.022,77.396,180.462,2.661,8.9
-0.334,85.289,21.034,89.309,89.394,177.729,2.662,9.2
-0.334,76.411,21.034,101.899,102.354,174.989,2.662,10.1
-0.5,73.373,21.034,171.139,102.248,175.54,2.664,11.1
-0.376,71,21.034,143.959,52.052,181.685,2.652,14.1
-0.542,70.666,21.046,116.714,41.493,182.781,2.636,15
-0.709,68.375,21.148,17.468,34.454,184.966,2.629,16.3
-0.875,68.541,21.232,18.561,32.822,185.514,2.634,16.2
-1.208,71.873,21.326,91.879,33.035,183.467,2.645,15.2
-1.375,73.623,21.351,88.074,36.466,180.458,2.65,15.1
-1.75,81.49,21.293,51.059,48.251,181.275,2.635,15.3
-1.833,86.073,21.293,75.609,33.827,186.459,2.626,16.5
-2.126,92.717,21.265,41.644,23.098,189.068,2.63,17.2
-2.25,95.774,21.285,10.886,20.953,189.891,2.642,16.6
-2.25,97.558,21.351,12.314,20.107,191.528,2.658,15.2
-2.5,92.748,21.372,35.129,19.76,190.295,2.675,11.5
-2.333,89.541,21.173,35.194,25.007,186.741,2.679,10.2
-1.917,86.021,21.074,45.656,39.825,183.326,2.673,10.6
-1.667,85.52,21.067,54.591,51.318,182.233,2.668,11.9
-1.375,86.729,21.046,54.005,68.851,181.413,2.659,13.9
-1.125,87.312,21.034,66.033,82.342,180.865,2.649,14.8
-1.25,83.193,21.034,109.344,86.754,180.455,2.649,14
-1.416,85.058,21.046,119.199,86.533,181.82,2.656,12.6
-1.333,85.833,21.041,53.43,84.191,182.506,2.658,10.9
-1.292,86.335,21.034,54.317,80.733,182.506,2.657,10.1
-1.375,87.497,21.034,61.656,76.042,182.509,2.657,9.7
-1.25,82.937,21.034,80.378,63.841,184.966,2.662,11
-1.167,82.646,21.046,89.047,59.032,183.326,2.669,11.7
-1.042,83.874,21.041,35.253,51.556,182.778,2.674,11.8
-1.042,85.436,21.041,39.059,48.52,183.736,2.674,11.1
-1,87.79,21.046,28.096,49.977,184.287,2.666,10.1
-0.751,88.998,21.034,40.906,54.893,182.099,2.657,10.1
-0.501,90.186,21.034,119.376,72.245,181.275,2.644,11.5
-0.5,89.018,21.046,109.981,89.857,181.823,2.645,12
-0.5,85.224,21.186,133.445,85.089,182.096,2.639,11
-0.584,81.244,21.285,106.74,64.681,185.249,2.631,10.4
-0.709,77.439,21.372,42.91,32.665,192.486,2.618,11.1
-0.626,79.314,21.412,18.29,23.208,194.399,2.608,12.8
-0.709,82.354,21.412,10.539,21.203,195.767,2.618,14.3
-1.001,89.289,21.384,24.604,19.797,196.722,2.618,15.1
-1.251,91.626,21.364,38.334,21.354,193.996,2.613,14.6
-1.584,90.563,21.372,45.148,29.698,188.658,2.609,13
-1.751,89.939,21.412,59.149,39.358,189.478,2.609,12.1
-2.002,82.886,21.412,48.57,45.154,186.203,2.624,12.6
-2.169,78.658,21.412,43.245,37.475,188.116,2.621,12.9
-2.419,75.394,21.438,18.704,26.398,190.984,2.613,14.1
-2.627,74.854,21.656,14.399,19.334,196.322,2.596,15.3
-2.877,75.417,21.862,13.744,11.244,207.251,2.559,17.3
-2.877,76.375,21.45,5.655,8.827,211.624,2.545,18.7
-2.877,77,21.808,4.628,7.596,212.855,2.556,22.1
-2.71,80.248,21.755,7.744,7.197,215.04,2.573,21.9
-2.585,83.205,21.61,8.366,7.274,213.409,2.585,20.9
-2.502,86.789,21.364,7.851,8.643,206.027,2.597,17.5
-2.502,88.621,21.351,11.891,10.272,202.198,2.608,14.6
-2.127,85.187,21.372,15.607,13.261,195.623,2.6,12.5
-2.21,84.854,21.397,22.19,16.514,192.342,2.602,13.6
-2.169,83.269,21.384,24.552,20.085,192.352,2.606,13.7
-2.169,82.667,21.372,25.836,21.761,192.896,2.608,13.2
-2.21,83.542,21.384,20.004,23.587,192.759,2.606,12.9
-2.127,84.875,21.412,27.095,24.428,193.579,2.598,13
-2.252,81.751,21.412,35.901,21.353,194.399,2.584,15.7
-2.252,82.125,21.412,26.347,18.908,194.672,2.58,16.5
-2.502,78.318,21.412,12.06,15.703,196.719,2.584,16.4
-2.669,76.956,21.412,11.397,14.246,197.953,2.596,14.9
-2.754,78.247,21.412,11.516,13.317,198.501,2.615,12.6
-2.629,70.058,21.412,12.547,14.802,195.213,2.627,10.2
-2.712,67.85,21.412,22.589,18.127,191.66,2.644,10.5
-2.754,66.249,21.465,43.695,23.033,187.972,2.641,13.7
-2.754,67.753,21.582,53.94,23.946,187.703,2.626,16.2
-2.755,72.334,21.783,24.571,21.293,190.708,2.6,18.6
-2.756,74.5,21.808,11.633,18.808,193.989,2.583,20
-2.881,72.189,21.808,11.514,15.826,199.728,2.577,17.2
-2.798,73.228,21.808,9.32,14.107,199.458,2.587,16.8
-2.757,73.417,21.783,14.699,13.303,199.865,2.586,15.9
-2.716,74.433,21.669,12.349,13.381,199.734,2.583,15.8
-2.633,76.331,21.471,15.433,12.905,200.148,2.582,16.3
-2.635,75.369,21.471,13.641,11.769,202.608,2.584,16.6
-2.551,72.287,21.43,14.137,11.492,205.341,2.565,16.6
-2.678,67.247,21.438,7.171,12.028,203.967,2.558,17.2
-2.762,65.396,21.465,9.761,12.497,202.329,2.574,17.4
-2.806,66.396,21.537,16.939,13.169,202.602,2.608,17.3
-2.891,68.812,21.631,17.877,13.978,204.242,2.619,17.4
-3.018,66.939,21.61,13.438,13.205,204.652,2.599,18.9
-3.019,66.355,21.598,9.845,12.24,208.475,2.58,20.5
-3.104,64.898,21.524,6.963,10.311,213.124,2.562,22.4
-3.148,65.764,21.529,12.056,9.217,214.63,2.551,22.9
-3.193,69.964,21.529,6.909,8.494,213.669,2.543,22.2
-3.277,72.509,21.372,6.22,8.525,211.208,2.555,20.8
-3.281,80.191,21.372,9.793,9.367,205.88,2.592,17.2
-3,82.501,21.034,12.24,14.374,196.86,2.619,14.9
-2.875,83.125,21.034,11.933,14.82,192.762,2.625,14.8
-2.875,82.251,21.034,16.869,15.761,192.759,2.642,14.3
-2.792,82.104,21.034,19.451,20.087,188.667,2.661,14.6
-2.75,80.653,21.034,25.635,24.189,185.79,2.664,14.5
-2.75,76.225,21.034,94.579,30.784,183.87,2.654,13.7
-2.75,73.813,21.034,51.604,35.247,183.326,2.643,13.6
-2.625,74.252,21.034,45.202,47.548,182.506,2.64,13.7
-2.625,76.501,21.034,48.583,46.316,182.778,2.641,13.9
-2.708,83.959,21.034,76.806,48.843,182.643,2.647,12.9
-2.542,88.978,21.034,42.819,51.905,181.003,2.651,12.1
-2.125,92.685,21.034,59.295,54.887,177.997,2.656,11.5
-2.625,99.494,21.034,92.483,50.394,178.814,2.665,10.9
-2.625,100.124,21.034,50.947,45.658,179.087,2.654,11.3
-2.708,100.438,21.034,34.871,38.304,181.954,2.644,12.7
-2.791,98.8,21.034,28.234,33.075,184.415,2.643,13.8
-2.833,96.023,21.034,33.574,25.102,187.568,2.642,15.6
-2.75,97.063,21.034,24.145,20.159,189.484,2.638,16.9
-2.75,97.877,21.034,17.749,13.334,195.633,2.613,16.3
-2.583,100.918,21.034,13.948,11.535,200.007,2.597,16.5
-2.5,99.771,21.034,7.406,10.399,202.464,2.573,15.8
-2.5,98.562,21.034,9.983,10.496,202.057,2.569,15.5
-2.5,98.812,21.034,17.133,10.93,200.961,2.577,15.9
-2.625,96.44,21.034,17.351,13.064,193.586,2.63,15.8
-2.793,93.235,21.034,22.408,14.675,192.214,2.635,15.4
-2.877,86.013,21.034,15.772,14.994,193.983,2.642,13.9
-2.668,81.807,20.988,14.096,14.886,194.534,2.639,13.2
-2.419,79.292,20.881,16.829,15.289,193.169,2.628,13.7
-2.751,79.751,20.856,26.687,15.54,193.166,2.63,14.7
-2.377,76.188,21.034,16.096,17.094,191.118,2.602,19.3
-2.418,76.04,21.12,10.041,15.173,193.989,2.591,19.5
-2.752,78.665,21.26,12.038,11.553,199.993,2.569,20.7
-2.752,80.247,21.194,10.571,8.988,208.74,2.553,21.8
-2.835,85.573,21.087,4.192,7.766,210.663,2.538,23
-2.794,92.032,21.034,6.098,6.842,214.623,2.534,22.8
-2.752,95.882,21.034,3.98,6.668,215.998,2.545,21.8
-2.752,100.439,21.034,6.781,6.989,213.396,2.564,20.1
-2.752,101.813,21.034,7.535,7.696,208.754,2.569,19.4
-2.627,102.438,20.996,11.854,9.09,207.933,2.575,17.4
-2.627,104.604,20.81,14.117,11.435,204.925,2.587,14.8
-2.544,110.602,20.663,14.312,16.722,199.324,2.603,11.8
-2.544,114.83,20.638,25.349,22.695,193.858,2.611,10.8
-2.669,120.349,20.638,87.263,39.703,184.153,2.62,11.2
-2.752,124.305,20.638,102.629,58.079,178.414,2.625,12.7
-2.877,124.874,20.757,159.627,154.467,175.537,2.644,12.1
-2.71,124.123,20.81,160.32,199.95,173.89,2.649,10.4
-2.669,120.342,20.902,155.852,212.239,173.621,2.651,8.7
-2.794,112.602,21.034,236.839,155.3,175.537,2.648,7.2
-2.879,110.686,21.034,259.95,82.386,177.174,2.642,7.5
-3.004,107.687,21.034,36.37,32.5,179.225,2.637,11.6
-3.087,105.688,21.087,24.452,25.645,185.239,2.631,13.3
-3.212,101.315,21.207,10.025,19.481,191.801,2.617,15
-3.295,96.694,21.293,15.237,16.738,194.944,2.611,15.1
-3.38,90.044,21.364,17.551,13.182,198.907,2.606,15.2
-3.381,88.503,21.351,10.945,11.576,201.368,2.6,16.4
-3.131,78.142,21.232,7.117,9.374,203.829,2.578,17.7
-3.131,78.584,21.1,5.543,7.521,208.215,2.547,22.6
-3.049,76.81,21.034,3.704,5.736,220.798,2.495,26.1
-3.05,77.608,21.087,1.706,5.302,224.745,2.479,27.1
-3.133,81.187,21.194,3.916,5.297,222.288,2.485,28
-2.885,80.75,21.293,8.811,5.189,220.647,2.54,23.4
-3.051,84.166,21.755,5.02,5.216,219.827,2.565,22.7
-3.303,86.874,22.37,3.538,5.555,217.504,2.556,22
-3.304,88.165,22.179,3.807,5.771,217.911,2.555,21.6
-3.139,89.792,21.45,3.291,6.098,219.286,2.589,20
-3.141,89.875,21.529,7.252,6.543,216.553,2.619,18.2
-3.143,84.985,22.441,16.789,6.899,212.458,2.566,16.6
-3.144,78.113,21.847,7.265,6.482,218.472,2.499,18.3
-3.146,70.266,21.603,1.357,5.887,228.584,2.429,22.3
-3.19,66.831,21.577,1.077,5.497,232.403,2.424,24.7
-3.276,68.669,21.465,1.324,5.238,231.855,2.476,25.5
-3.277,77.249,21.45,3.168,5.507,229.67,2.524,23.9
-3.28,81.456,21.186,3.004,6.842,213.271,2.553,21.4
-3.26,93.386,20.963,11.675,9.643,199.327,2.607,18.2
-3.25,100.473,20.902,30.56,12.741,193.723,2.621,17
-3.208,105.352,20.864,32.967,19.754,189.202,2.612,16.1
-3.125,106.435,20.836,26.977,25.648,191.115,2.617,15.2
-3.125,99.742,20.815,35.435,31.787,192.759,2.611,16.3
-3.042,95.744,20.909,55.551,33.645,192.486,2.603,18.6
-2.917,95.877,20.914,43.207,34.296,193.169,2.593,20
-2.875,99.482,20.897,40.031,32.73,195.357,2.587,19.3
-2.917,105.188,20.856,25.873,28.761,199.593,2.581,15.8
-3,106.437,20.777,18.782,26.533,200.961,2.578,11.8
-3.002,105.501,20.696,19.17,25.771,203.012,2.579,9.7
-3.002,99.258,20.777,51.139,20.477,197.004,2.574,9.2
-2.96,93.924,20.876,38.591,16.092,195.351,2.561,9.6
-2.835,86.969,20.98,4.075,11.258,200.269,2.512,12.4
-2.752,81.888,20.955,5.608,8.529,204.643,2.455,15.4
-2.752,79.502,20.914,2.603,6.025,211.227,2.356,19.4
-2.752,80.919,20.876,1.309,6.152,217.786,2.343,19
-2.835,84.586,20.869,2.618,7.161,215.037,2.395,16.3
-2.919,87.626,20.869,27.782,8.91,210.256,2.468,13.6
-3.002,92.312,20.889,34.376,14.607,204.79,2.57,10.4
-3.002,95.436,20.955,40.376,20.896,200.964,2.602,10
-2.877,97.686,21.034,20.849,18.686,197.684,2.612,11.4
-2.711,101.765,21.087,23.215,15.682,200.682,2.621,12.5
-2.71,102.315,20.968,10.748,13.715,203.012,2.639,13.3
-2.752,102.537,20.897,10.157,13.67,201.654,2.646,12.9
-2.752,104.504,20.897,23.553,14.051,198.081,2.648,12
-2.877,107.381,20.897,36.266,17.374,191.522,2.65,9.8
-3.044,111.171,20.881,36.554,24.512,188.244,2.641,9.1
-3.21,111.145,20.864,50.354,28.713,185.787,2.641,8.6
-3.294,106.498,20.881,32.839,27.737,185.924,2.641,8.7
-3.419,97.48,20.935,22.141,23.993,187.837,2.64,9.6
-3.502,94.19,20.935,18.893,21.678,189.478,2.644,10.6
-3.377,94.874,20.856,21.977,15.298,192.755,2.635,11.1
-3.127,96.747,20.975,28.787,12.914,194.124,2.629,11.7
-2.752,93.405,21.034,16.414,11.343,198.901,2.619,12.4
-2.585,89.115,21.034,6.631,10.776,202.185,2.613,13
-2.502,84.805,21.034,7.539,10.015,204.652,2.608,13.8
-2.504,79.316,21.034,15.629,9.637,203.832,2.613,14.2
-2.587,81.815,21.034,18.025,10.976,204.928,2.631,13.8
-2.546,89.357,21.046,17.676,13.441,200.823,2.641,12.7
-2.421,97.314,21.087,20.03,15.206,196.86,2.641,11.7
-2.212,108.519,21.186,17.203,17.942,193.169,2.641,10.6
-2.129,111.685,21.252,24.353,19.94,192.349,2.64,10.5
-2.006,109.939,21.214,27.63,23.347,190.301,2.633,10.9
-2.006,100.87,21.24,26.048,26.506,188.933,2.644,10.8
-1.84,92.987,21.359,37.547,27.73,186.066,2.656,10
-1.799,88.676,21.412,39.766,26.401,184.829,2.664,9.4
-1.924,85.298,21.412,30.233,22.787,184.418,2.666,9.2
-2.008,89.001,21.412,23.169,20.128,184.149,2.655,9.6
-2.093,90.001,21.412,20.854,18.34,185.514,2.64,10.6
-2.219,94.084,21.438,16.36,15.75,188.113,2.62,11.8
-2.22,93.771,21.524,17.187,14.254,190.57,2.608,12.4
-2.137,87.835,21.715,15.602,12.601,195.082,2.595,13.4
-2.139,84.378,21.808,12.003,11.892,198.087,2.591,14
-2.141,79.318,21.887,8.56,11.11,204.646,2.592,14.8
-2.225,79.52,21.834,8.914,11.121,205.473,2.605,15.2
-2.187,77.505,21.808,10.135,12.081,206.975,2.626,15.5
-2.189,74.66,21.808,14.649,12.565,206.837,2.633,15.2
-2.317,69.642,21.775,18.712,12.242,204.377,2.629,14.7
-2.402,66.685,21.709,14.003,11.583,202.195,2.622,14.8
-2.281,63.5,21.532,8.195,11.214,205.883,2.604,15.4
-2.284,63.5,21.664,9.587,10.672,207.251,2.614,16.1
-2.286,64.333,21.623,9.711,10.356,208.616,2.622,16.5
-2.291,68.35,21.392,7.578,10.553,208.891,2.636,16.1
-2.295,73.057,21.351,10.778,11.126,206.706,2.65,15.1
-2.391,81.553,21.232,10.651,11.442,203.425,2.635,14.3
-2.558,83.891,21.1,13.564,11.791,199.055,2.623,13.8
-2.811,87.317,21.034,10.19,12.013,196.312,2.609,14.3
-2.854,91.072,21.041,9.853,12.048,196.45,2.606,14.7
-2.817,100.03,21.046,17.382,12.426,197.956,2.61,14.3
-2.902,107.44,21.034,11.653,13.134,199.321,2.617,13.4
-2.904,112.124,20.897,12.01,14.659,198.501,2.615,12
-2.992,108.958,20.843,16.36,13.857,199.593,2.611,11.7
-3.098,102.003,20.696,35.837,13.3,198.501,2.609,12.1
-3.087,95.882,20.638,13.102,13.087,197.68,2.609,12.7
-3.004,89.009,20.638,10.984,12.816,197.68,2.609,13.3
-3.129,82.945,20.638,10.917,12.534,199.318,2.621,14
-3.212,80.485,20.638,19.93,13.445,200.958,2.617,13.9
-3.422,83.258,20.638,23.661,14.938,200.686,2.618,13
-3.464,85.375,20.638,28.631,15.696,200.551,2.621,12.4
-3.423,86.335,20.638,17.738,16.35,200.961,2.619,12
-3.506,87.752,20.638,18.605,16.689,200.141,2.611,12
-3.383,92.939,20.638,15.588,17.685,198.09,2.622,11.7
-3.466,102.519,20.638,21.312,18.477,196.178,2.629,11
-3.509,116.305,20.638,23.545,19.298,193.034,2.648,10.2
-3.51,124.99,20.638,24.607,19.339,191.801,2.647,9.9
-3.469,133.001,20.638,18.935,17.998,191.528,2.63,10.5
-3.387,132.252,20.638,16.97,15.999,191.528,2.625,11.5
-3.305,127.636,20.638,19.217,14.487,194.255,2.609,12
-3.015,119.26,20.716,14.464,12.809,198.369,2.603,12.9
-2.849,117.545,20.777,13.081,12.099,200.554,2.603,13
-2.768,121.899,20.843,10.837,11.523,202.602,2.601,12.5
-2.77,125.437,20.897,13.407,11.379,203.422,2.597,12.4
-2.896,123.063,20.897,12.102,11.726,205.063,2.583,12.8
-2.816,111.775,20.777,13.273,13.005,207.796,2.575,13.4
-2.778,103.045,20.663,16.902,15.731,210.529,2.572,13.9
-2.781,101.936,20.638,38,18.343,211.077,2.572,13.6
-2.69,107.897,20.638,37.604,23.08,211.214,2.572,12.7
-2.629,116.085,20.638,42.071,35.332,194.393,2.64,7.1
-2.295,116.562,20.638,36.734,41.596,186.604,2.657,6.7
-2.13,117.334,20.638,51.13,44.539,182.506,2.665,6.5
-2.131,119.125,20.638,55.411,46.181,179.225,2.665,6.1
-2.506,114.877,20.638,87.181,47.097,180.455,2.676,4.5
-2.589,107.049,20.638,60.895,47.623,179.635,2.667,4.8
-2.466,97.467,20.638,32.859,46.577,181.41,2.651,6.1
-2.383,95.434,20.638,49.767,43.326,184.005,2.636,7.3
-2.425,99.26,20.638,42.308,36.463,189.875,2.615,8.8
-2.51,103.689,20.638,37.216,33.148,195.639,2.608,9.3
-2.635,104.681,20.638,26.533,32,202.192,2.597,9.8
-2.553,100.516,20.638,23.224,29.676,202.192,2.609,9.7
-2.513,93.727,20.638,38.371,25.158,201.644,2.626,9.6
-2.598,91.583,20.638,31.492,22.5,199.593,2.637,9.8
-2.725,93.249,20.638,14.806,19.919,194.809,2.646,10.4
-2.643,95.748,20.638,17.623,18.684,192.352,2.643,10.8
-2.644,99.246,20.638,21.623,18.666,193.169,2.637,10.9
-2.646,100.085,20.638,20.697,20.323,194.672,2.631,10.5
-2.648,99.335,20.638,34.152,21.92,194.268,2.629,10.1
-2.693,98.08,20.638,37.942,23.737,191.935,2.632,9.6
-2.777,96.742,20.638,38.282,24.305,191.118,2.639,9.4
-2.656,90.185,20.638,20.276,23.559,190.298,2.649,9.5
-2.719,88.227,20.638,21.539,22.046,189.478,2.653,9.8
-2.667,86.083,20.638,23.761,19.373,187.975,2.634,10.3
-2.667,88.042,20.638,22.61,18.411,187.975,2.624,10.6
-2.833,94.644,20.638,14.044,19.051,190.16,2.618,10.7
-3,97.685,20.638,16.603,20.348,192.345,2.609,10.4
-2.875,100.872,20.638,40.808,21.427,191.118,2.617,9.5
-3.041,99.128,20.638,30.266,22.592,190.298,2.611,8.5
-3.125,95.512,20.638,22.437,23.735,189.343,2.612,8.1
-3.167,87.615,20.638,22.72,21.644,187.562,2.625,8.4
-3.25,82.877,20.638,17.541,15.246,186.203,2.631,9
-3.375,84.815,20.815,16.049,9.117,191.542,2.639,11.6
-3.625,87.189,20.803,6.8,8.526,204.39,2.629,13.1
-3.833,92.167,20.691,3.27,8.398,210.256,2.61,14.6
-3.875,94.354,20.638,10.281,9.015,209.712,2.61,14.4
-3.958,95.728,20.704,28.446,13.19,208.481,2.624,12.3
-4.125,97.311,20.836,32.351,19.413,207.113,2.619,10.7
-4.25,99.997,20.678,30.335,33.811,193.595,2.586,10
-4.333,101.913,20.757,36.246,36.939,193.579,2.586,9.7
-4.375,108.262,20.848,34.55,40.858,196.319,2.592,8.4
-4.542,108.805,20.93,27.028,34.106,196.995,2.55,7.4
-4.875,104.553,21.036,17.541,18.339,195.63,2.46,6.8
-5.125,94.879,21.849,1.236,4.438,195.649,2.13,11.3
-5.042,99.086,22.893,0.425,3.418,215.601,1.956,21.9
-5,115.396,23.47,0.278,2.828,282.166,1.823,30.9
-5,125.706,22.649,0.369,2.845,299.673,1.852,31.8
-5,125.699,20.848,7.721,3.666,273.97,2.053,25.6
-5,112.829,20.638,20.433,5.078,265.771,2.247,16.7
-4.625,88.467,20.638,26.629,18.711,228.896,2.522,13
-4.459,84.28,20.638,34.981,30.32,168.013,2.588,12.3
-4.375,87.782,20.638,36.812,30.887,149.994,2.627,10.5
-4.333,92.799,20.638,34.677,27.158,162.567,2.629,9.8
-4.208,99.735,20.638,16.84,23.791,178.686,2.627,10.6
-4.125,104.694,20.638,17.026,21.486,185.79,2.622,12
-4.042,113.483,20.638,22.968,19.552,189.343,2.628,12.4
-4.083,137.372,20.638,18.813,17.907,200.141,2.63,11.3
-4.083,155.45,20.638,23.638,17.526,202.877,2.627,10.1
-3.958,178.985,20.638,16.829,17.612,198.638,2.62,8.9
-3.875,192.73,20.638,19.793,17.957,197.273,2.612,8.9
-3.501,194.498,20.638,23.694,19.445,195.633,2.618,8.8
-3.251,194.084,20.638,30.158,20.796,193.992,2.617,8.5
-3.292,187.53,20.638,28.119,23.056,192.073,2.619,8.2
-3.417,183.163,20.638,24.59,23.99,190.019,2.617,8.5
-3.5,175.74,20.638,23.192,23.824,186.469,2.611,9.8
-3.5,165.742,20.638,24.78,22.903,185.376,2.609,10.9
-3.375,146.124,20.638,21.485,23.419,185.787,2.605,12.1
-3.292,129.964,20.638,24.718,24.466,187.699,2.6,12.2
-3.167,119.295,20.638,33.402,25.207,190.705,2.595,12
-3.042,118.094,20.638,32.623,25.703,195.899,2.591,10.6
-3.125,126.05,20.638,35.587,25.823,198.087,2.595,9.4
-3.25,142.601,20.638,22.408,29.095,200.958,2.599,8
-3.499,149.607,20.638,23.133,33.52,199.324,2.602,6.8
-3.542,157.967,20.638,68.705,42.682,191.653,2.593,5.7
-3.416,161.043,20.638,127.977,56.345,186.738,2.587,5.1
-3.25,163.627,20.678,86.972,77.129,183.05,2.589,4.4
-3.25,166.122,20.757,74.054,78.001,181.685,2.592,4.3
-3.25,156.876,20.696,76.312,61.097,180.455,2.603,4.7
-3.417,148.213,20.762,49.161,50.59,180.455,2.612,5.7
-3.5,139.217,20.828,40.38,39.775,180.865,2.619,6.8
-3.5,125.45,20.942,29.238,24.407,181.548,2.625,8.8
-3.5,116.579,21.034,20.831,15.926,181.275,2.63,10.4
-3.625,110.51,21.034,10.389,10.047,185.78,2.625,12.9
-3.709,105.364,21.034,7.286,8.338,189.074,2.616,14.8
-3.833,100.684,21.034,6.732,6.956,197.828,2.592,16.9
-4,101.024,21.034,6.6,7.196,204.659,2.573,17.1
-4.333,106.649,21.034,9.75,9.672,213.403,2.555,15
-4.5,112.315,21.034,10.267,12.597,217.776,2.555,12.5
-4.5,128.247,21.034,20.702,15.822,214.085,2.566,8.5
-4.5,128.417,21.034,31.137,15.492,207.254,2.587,7.3
-4.583,129.665,21.034,24.376,13.629,196.46,2.61,8
-4.667,128.194,21.087,17.585,12.063,191.259,2.617,9.4
-4.75,124.071,21.194,10.202,10.63,188.254,2.618,11
-5,124.686,21.293,6.837,9.372,196.027,2.614,12.6
-5.083,117.966,21.372,11.536,8.259,199.6,2.6,12.8
-5.042,102.567,21.412,15.322,6.684,202.74,2.588,14.3
-8.666,33.947,23.574,12.821,21.286,178.814,2.702,17.6
-8.833,34.094,24.486,5.459,20.803,179.497,2.643,16.9
-8.959,33.026,25.921,2.601,20.067,180.179,2.552,15.6
-8.875,30.876,26.886,1.403,19.389,180.452,2.508,15.2
-9,31.919,25.738,0.955,18.863,178.404,2.49,16.9
-9.167,30.066,25.738,1.049,18.708,178.677,2.49,16.9
-9.292,28.796,25.466,1.746,18.468,178.677,2.484,17.5
-9.417,27.656,25.136,3.143,18.276,180.593,2.485,19
-9.5,26.75,25.557,3.683,18.54,184.966,2.51,19.6
-9.5,27.047,25.161,6.574,19.615,187.427,2.51,19.9
-9.583,27.931,24.897,10.145,20.291,186.062,2.494,19.6
-9.459,28.115,24.171,10.967,21.137,187.014,2.499,20.3
-9.458,28.565,23.833,8.029,21.271,186.476,2.525,20.4
-9.751,30.467,24.013,6.4,20.39,183.46,2.578,19.7
-10,31.925,24.529,4.946,19.114,182.919,2.604,19.4
-9.75,34.348,25.243,3.109,16.438,187.014,2.609,18.9
-9.917,37.68,25.664,3.551,14.314,184.829,2.576,20
-10.083,40.323,26.352,2.343,12.598,184.556,2.471,21.1
-10.083,40.386,26.352,1.945,12.188,185.924,2.395,21
-10,39.532,25.877,3.156,12.025,187.837,2.331,20.4
-10,35.69,24.864,3.136,12.392,187.017,2.289,21.9
-10,32.359,24.877,3.426,13.938,189.202,2.323,22.6
-10,29.326,24.923,2.357,15.71,189.478,2.396,23.6
-9.959,27.977,24.62,2.608,16.188,188.795,2.441,23.4
-9.959,27.916,23.985,4.138,16.004,190.718,2.5,21.8
-10.125,30.455,24.011,1.782,15.73,195.623,2.545,20.4
-9.75,32.189,24.864,1.54,15.245,189.888,2.568,20.7
-9.583,33.855,25.169,1.865,15.031,190.16,2.491,21.7
-9.333,34.083,25.359,2.459,14.917,190.298,2.36,23
-9.25,34.625,25.301,3.209,14.948,188.795,2.318,22.8
-9.292,36.552,25.189,2.832,15.297,187.289,2.395,20.8
-9.375,37.031,25.281,2.643,15.856,190.295,2.535,19.2
-9.375,37.759,25.004,4.165,16.098,191.663,2.66,19.4
-9.624,37.044,24.653,6.216,16.607,192.349,2.716,20.1
-9.75,35.723,24.605,2.944,16.832,191.942,2.696,20.6
-9.75,34.135,24.48,5.295,16.624,191.394,2.649,20.7
-9.75,34.096,23.99,5.262,16.09,191.935,2.623,20
-9.625,36.315,24.448,3.501,15.255,187.427,2.642,19
-9.875,39.46,24.183,4.301,15.017,189.343,2.656,18.9
-10.083,40.552,23.878,6.121,14.661,187.837,2.653,19.5
-10.125,40.75,24.135,7.828,14.44,186.745,2.644,19.7
-10.125,40.783,24.943,4.306,14.133,186.879,2.637,19.6
-10.125,39.096,25.182,3.854,13.931,186.607,2.639,19.9
-10.133,39.843,25.479,2.813,13.638,186.197,2.605,19.7
-9.967,41.112,25.73,2.82,13.793,185.38,2.573,20.2
-9.799,42.493,25.771,3.17,14.02,185.928,2.566,20.2
-9.633,45.338,25.585,2.504,14.362,188.661,2.605,19.6
-9.633,48.063,25.557,2.63,14.454,190.298,2.649,19.4
-9.633,48.221,23.673,4.13,14.804,189.068,2.69,21.8
-9.633,51.824,23.487,5.641,15.349,190.436,2.685,22.7
-9.799,58.915,23.515,5.664,15.742,190.298,2.663,23.4
-9.841,63.019,23.528,5.808,16.234,189.888,2.669,22.5
-9.883,67.6,23.388,7.942,17.404,188.795,2.697,19.8
-10.132,70.932,23.297,12.11,18.011,186.61,2.687,18.7
-9.883,66.818,23.772,9.759,17.822,185.787,2.611,16.4
-9.966,67.394,23.772,7.691,17.558,184.422,2.61,16.3
-9.84,65.272,23.627,11.364,16.985,183.46,2.634,16.1
-9.508,60.949,23.137,6.284,15.941,184.012,2.687,15.7
-9.508,61.907,22.741,8.19,15.603,186.2,2.695,15.8
-9.383,63.689,23.396,7.437,15.223,189.068,2.662,15.2
-9.383,67.646,23.437,7.426,15.202,189.068,2.671,15.3
-9.3,70.749,23.586,7.593,14.971,189.068,2.676,15.2
-9.299,73.496,23.47,7.328,14.668,188.93,2.677,15.3
-9.383,82.965,23.145,10.1,14.133,188.795,2.669,16
-9.383,93.17,23.236,5.268,13.836,189.068,2.653,17
-9.258,121.831,23.177,3.413,13.607,190.295,2.611,18.2
-9.258,141.083,22.515,9.141,13.892,191.122,2.583,18.9
-9.174,156.301,22.489,2.588,14.688,191.256,2.555,18
-9.133,153.612,22.769,3.435,15.303,190.98,2.537,16.6
-9.133,142.611,23.02,4.997,15.883,190.708,2.515,15.1
-9.266,117.558,24.407,1.929,16.214,188.658,2.404,12.6
-9.099,102.105,24.818,1.755,15.53,188.658,2.386,12.9
-9.016,82.882,24.745,3.88,14.725,188.385,2.433,14.9
-8.974,69.983,24.633,3.767,14.342,188.11,2.505,16.5
-8.808,52.157,24.752,4.642,13.858,189.064,2.599,18.2
-8.641,45.138,24.884,3.714,13.497,191.525,2.611,19.2
-8.524,42.598,23.993,3.675,13.082,192.755,2.595,19.6
-8.44,47.186,23.978,4.888,13.052,191.939,2.563,20.2
-8.32,52.995,23.891,3.015,13.094,189.885,2.528,19.8
-8.239,55.596,23.792,2.741,13.181,189.343,2.522,19.4
-8.115,56.009,23.297,3.14,13.33,191.528,2.539,19.4
-8.031,53.469,22.542,4.903,13.395,194.809,2.559,19.5
-7.927,51.907,22.807,5.586,13.241,192.076,2.504,20.2
-7.875,50.396,23.137,4.516,13.176,191.256,2.424,20.9
-7.792,50.135,23.566,4.117,13.225,193.438,2.355,21
-7.583,50.001,24.348,2.715,13.277,196.181,2.267,20.5
-7.5,49.314,24.585,1.859,13.208,193.992,2.261,19.7
-7.5,47.728,24.092,1.664,13.693,191.525,2.251,19.9
-7.417,52.122,24.303,1.67,14.386,190.708,2.249,19.1
-5.167,149.502,21.034,50.342,37.82,187.152,2.556,8.4
-5.042,150.417,21.034,39.854,38.31,187.017,2.559,8
-4.75,150.417,21.034,29.711,37.842,187.427,2.565,7.8
-4.5,149.75,21.034,36.813,37.556,186.607,2.57,8.2
-4.25,150.375,21.034,62.382,40.984,187.017,2.575,8
-4,151.707,21.034,51.908,40.17,187.289,2.568,8
-3.709,152.375,21.034,30.352,37.28,188.247,2.565,7.8
-3.542,152.997,21.034,40.344,36.074,188.792,2.562,7.6
-3.375,154.247,21.034,38.63,36.157,189.068,2.558,7.7
-3,155.873,21.034,28.213,37.535,188.247,2.554,8
-2.75,154.707,21.008,56.108,39.683,189.068,2.552,8.5
-2.458,152.957,20.848,43.308,50.301,190.026,2.54,9.3
-2.333,151.04,20.729,41.508,56.542,190.57,2.533,9.6
-2.208,150.625,20.638,71.126,53.226,190.436,2.527,9.5
-2.125,155.123,20.638,71.752,40.689,189.068,2.523,9.3
-1.876,151.128,20.638,105.354,25.415,188.658,2.53,8.7
-1.96,153.206,20.663,43.351,20.767,187.837,2.53,8.2
-1.835,150.59,20.678,14.485,17.094,187.155,2.538,7.9
-1.709,150.16,20.762,12.665,16.715,187.017,2.548,8
-1.542,152.163,20.968,19.01,18.833,187.017,2.563,8.5
-1.376,150.504,21.034,28.04,21.859,187.017,2.569,9.2
-1.293,152.753,21.034,47.848,24.005,187.565,2.566,9.5
-1.168,152.374,20.955,35.784,27.218,188.11,2.554,9.5
-1.042,153.96,20.836,35.553,28.306,188.247,2.546,9.4
-0.834,159,20.663,17.422,28.824,188.52,2.543,9.3
-0.751,159.75,20.638,36.332,29.784,189.068,2.545,9.2
-0.75,166.994,20.638,42.977,36.668,189.478,2.546,9.2
-0.667,163.256,20.638,41.218,33.27,189.75,2.545,8.9
-0.625,158.298,20.638,53.015,28.305,190.432,2.542,8.8
-0.584,155.672,20.65,54.056,26.812,190.163,2.543,8.6
-0.543,155.173,20.663,28.1,27.489,188.52,2.549,8.4
-0.626,158.506,20.638,18.407,28.261,187.427,2.556,8.6
-0.626,162.838,20.691,22.161,30.573,187.975,2.546,8.6
-0.709,162.832,20.744,66.389,40.946,188.52,2.529,9.1
-0.793,159.749,20.762,82.001,54.973,189.205,2.516,9.3
-0.959,156.208,20.777,86.75,77.483,190.57,2.501,9.1
-1.126,157.124,20.777,75.004,84.826,191.118,2.5,8.9
-1.377,165.368,20.678,81.866,85.511,190.708,2.521,8.9
-1.294,162.63,20.729,97.162,86.357,190.708,2.527,9.1
-1.252,157.841,20.716,83.862,84.532,191.253,2.527,9.4
-1.252,153.949,20.704,103.913,80.182,191.253,2.522,9.5
-1.252,153.387,20.716,74.843,72.812,190.708,2.515,9.6
-1.253,160.87,20.716,53.473,70.863,190.708,2.515,9.7
-1.003,154.747,20.795,59.91,64.96,189.888,2.518,9.8
-1.003,150.665,20.782,70.193,57.774,189.888,2.522,9.7
-1.003,146.083,20.749,67.935,53.239,189.478,2.528,9.4
-1.004,143.206,20.696,39.571,48.778,188.658,2.534,8.9
-1.004,147.621,20.696,42.961,43.623,188.658,2.536,8.7
-1.005,150.372,20.716,61.656,25.97,189.068,2.533,9
-1.005,148.379,20.744,23.916,21.244,188.795,2.528,9.2
-1.006,148.04,20.716,12.919,18.286,190.567,2.529,9.9
-0.922,149.086,20.691,13.922,17.748,191.666,2.531,10.3
-0.757,153.258,20.691,40.09,18.513,192.486,2.531,10.4
-0.757,158.746,20.716,55.31,21,193.579,2.533,10.3
-0.633,153.873,20.795,28.15,36.77,194.399,2.526,9.6
-0.717,150.541,20.77,63.358,47.96,193.307,2.53,9.3
-0.843,147.959,20.729,126.865,61.296,191.666,2.529,9.6
-0.844,148.79,20.729,146.132,66.572,190.98,2.536,9.9
-0.762,151.372,20.757,97.869,69.376,190.708,2.552,10.1
-0.638,157.119,20.678,57.579,45.126,189.478,2.562,9.6
-0.639,152.634,20.716,47.348,36.704,189.205,2.559,8.9
-0.642,145.197,20.764,20.371,30.26,189.068,2.552,8.2
-0.602,142.5,20.762,22.148,28.639,188.792,2.546,8
-0.521,144.756,20.716,51.27,28.46,188.523,2.541,8.4
-0.523,149.754,20.678,49.175,30.162,189.068,2.544,8.6
-0.651,156.626,20.716,40.06,35.611,189.068,2.538,8.8
-0.737,160.542,20.704,35.593,37.255,188.795,2.543,8.9
-0.949,157.503,20.683,41.654,39.452,188.658,2.54,9.2
-1.844,135.234,20.711,58.096,47.302,186.469,2.558,8.8
-1.917,130.415,20.704,52.768,54.237,185.921,2.558,8.6
-2,132.631,20.696,83.816,58.68,184.829,2.563,8.5
-2,139.38,20.737,171.619,59.205,183.736,2.568,8.4
-1.875,152.125,20.696,51.505,66.634,184.966,2.583,8.7
-1.792,154.291,20.711,82.931,70.705,185.514,2.569,8.4
-1.833,154.792,20.744,114.193,78.187,186.335,2.542,8.4
-1.917,149.762,20.749,107.075,86.471,187.696,2.52,8.7
-2.042,137.427,20.729,133.318,97.517,190.705,2.491,9
-2.125,131.762,20.716,115.468,97.3,192.345,2.481,8.9
-2,126.823,20.696,98.307,95.393,191.528,2.492,8.7
-2,131.779,20.711,87.195,93.261,190.98,2.507,8.4
-2,139.589,20.704,75.171,93.997,190.436,2.527,8.4
-2,142.417,20.696,96.86,97.246,189.888,2.535,8.6
-2,142.748,20.696,95.76,101.941,189.068,2.537,8.8
-2.125,136.126,20.696,141,107.22,188.247,2.522,8.8
-2.208,134.459,20.696,117.513,106.046,187.699,2.511,8.7
-2.167,132.376,20.711,106.939,100.447,188.52,2.496,8.7
-2.125,132.747,20.711,85.646,90.552,188.658,2.494,8.6
-2.084,134.335,20.704,110.524,73.087,188.244,2.502,8.5
-2,133.502,20.716,59.697,67.794,189.064,2.509,8.5
-1.875,138,20.716,61.711,66.728,189.068,2.525,8.2
-1.792,137.833,20.744,84.267,67.022,189.068,2.527,8.5
-1.75,139.668,20.678,84.761,73.835,189.068,2.53,8.9
-1.708,140.166,20.658,95.01,81.165,189.205,2.527,9.3
-1.667,138.667,20.696,106.314,92.217,189.888,2.519,9.8
-1.75,137.5,20.696,110.312,98.326,190.708,2.518,9.7
-1.667,134.585,20.711,113.437,105.614,191.256,2.508,10
-1.375,133.208,20.744,114.817,113.419,194.534,2.492,10.4
-1.25,135.243,20.729,162.637,115.546,195.495,2.485,10.4
-1.25,139.914,20.691,122.641,117.048,193.855,2.487,10.1
-1.25,141.247,20.716,94.128,119.896,192.762,2.498,9.5
-1.25,139.871,20.638,104.188,116.042,191.525,2.504,8.8
-1.25,137.622,20.638,163.929,95.929,189.612,2.505,8.5
-1.167,134.915,20.716,113.06,62.467,185.373,2.515,8
-1.083,133.583,20.729,92.023,47.678,184.008,2.525,7.6
-1,133.708,20.663,22.734,40.308,184.694,2.541,7.3
-1,136.124,20.638,25.155,37.961,184.966,2.552,7.8
-1.083,140.205,20.704,52.738,37.229,185.514,2.556,8.3
-1.042,145.662,20.724,61.228,45.476,186.607,2.56,8.5
-1.042,146.711,20.716,65.986,56.535,187.289,2.561,8.4
-1.125,145.79,20.744,105.19,62.483,186.748,2.561,7.9
-1.125,146.627,20.795,151.756,47.166,184.553,2.56,7.5
-1.25,148.256,20.696,85.134,27.926,182.509,2.574,7.5
-1.167,152.421,20.658,19.176,24.139,184.149,2.575,7.3
-0.958,157.585,20.704,15.713,20.334,185.787,2.571,7.5
-0.875,160.417,20.729,19.38,19.544,186.879,2.562,8
-0.875,162.542,20.716,36.561,21.566,189.478,2.542,9.1
-0.875,161.626,20.716,34.345,24.951,191.935,2.533,10
-1,160.751,20.696,39.066,29.071,191.939,2.521,9.8
-1.25,160.001,20.696,24.639,29.125,191.118,2.53,9.5
-1.375,162.53,20.704,33.693,28.053,190.846,2.539,9.1
-1.292,168.79,20.729,36.545,23.912,190.574,2.549,8.5
-1.125,169.629,20.757,24.453,20.011,189.478,2.553,8.2
-0.75,173,20.696,20.047,16.704,188.658,2.556,8
-0.667,172.917,20.696,12.867,15.677,189.478,2.563,7.8
-0.625,172.041,20.696,14.591,14.654,188.795,2.574,7.8
-0.583,173,20.729,24.05,15.134,188.247,2.573,7.8
-0.334,174.959,20.757,17.536,19.483,188.658,2.565,7.7
0,173.376,20.678,16.761,25.25,189.478,2.564,7.5
0,179.12,20.716,124.744,37.711,184.559,2.573,6.7
-0.083,177.212,20.704,175.68,57.628,183.191,2.575,6
-0.208,172.841,20.711,166.505,83.871,181.413,2.57,5.3
-0.25,168.573,20.711,73.689,82.807,180.452,2.559,5.3
-0.25,163.488,20.696,61.518,64.422,179.641,2.545,5.7
-0.375,153.125,20.757,68.123,45.036,184.559,2.533,6.8
-0.375,153.292,20.757,34.65,38.851,187.565,2.532,7.6
-0.208,155.125,20.77,36.653,31.78,189.615,2.534,8.2
-0.083,159.957,20.79,30.281,27.931,190.436,2.537,8.4
-0.083,167.833,20.798,34.599,24.138,191.939,2.539,8.7
-0.25,167.75,20.757,21.948,23.993,192.759,2.542,8.8
-0.125,167.5,20.757,21.043,26.02,194.396,2.525,9.2
-0.125,166.086,20.716,37.34,28.533,194.672,2.526,9.2
-0.208,164.461,20.711,58.783,35.225,195.354,2.523,9.1
-0.166,164.46,20.716,89.964,42.148,195.492,2.522,8.9
0,164.539,20.777,51.243,52.671,194.672,2.518,8.6
0,162.876,20.897,37.668,57.041,193.579,2.505,8.5
0,163.459,20.881,59.149,54.328,194.947,2.505,8.4
0.083,163.25,20.848,77.314,51.474,196.45,2.499,8.7
0.167,164.874,20.843,79.688,52.06,197.27,2.496,8.9
0.25,169.332,20.83,37.884,54.914,197.953,2.496,9.1
0.25,170.748,20.777,57.534,55.277,197.68,2.496,9.3
0,174.246,20.856,85.364,57.923,198.911,2.498,9.3
0,173.335,20.803,115.295,64.313,198.094,2.484,9.3
-0.084,172.374,20.724,73.47,67.608,195.761,2.476,8.9
-0.125,171.205,20.696,69.81,64.505,194.809,2.478,8.6
-0.209,167.579,20.678,68.564,55.259,194.124,2.492,8.5
-0.375,163.999,20.638,58.222,49.292,192.759,2.509,8.9
-0.625,161.5,20.638,57.887,45.355,191.939,2.534,8.8
-1.042,160.75,20.638,40.593,43.829,190.846,2.537,8.8
-1.333,161.208,20.638,39.654,41.754,190.298,2.537,8.6
-1.666,162.376,20.638,54.657,35.925,190.16,2.529,8.1
-2,161.376,20.638,53.875,29.508,189.888,2.523,7.9
-2,156.382,20.638,25.462,23.282,190.298,2.537,8.3
-1.834,154.297,20.638,17.218,21.552,190.298,2.547,8.1
-2.084,154.001,20.638,18.994,20.619,191.666,2.557,8.6
-2.041,155.336,20.638,26.972,21.55,191.387,2.56,8.8
-2.334,163.708,20.638,443.352,538.23,175.806,2.557,2.5
-1.917,162.753,20.638,409.513,413.48,176.761,2.557,2.8
-1.543,159.879,20.638,340.87,296.524,178.677,2.551,3.3
-1.126,158.129,20.638,295.116,247.254,179.225,2.536,3.6
-1.375,157.04,20.638,178.607,217.543,179.773,2.531,3.8
-1.417,154.998,20.638,238.256,185.042,181.961,2.519,4.2
-1.333,152.162,20.638,212.012,172.241,183.464,2.511,4.4
-1.375,147.917,20.638,154.816,162.823,184.418,2.507,4.6
-1.625,147.75,20.638,224.885,159.712,184.146,2.513,4.5
-2.25,148,20.638,243.998,154.881,184.966,2.522,4.6
-2.25,149.665,20.638,225.137,155.287,184.694,2.533,4.4
-2.25,150.084,20.638,182.083,155.047,183.464,2.539,4.4
-2.084,150.664,20.638,151.536,153.347,183.053,2.54,4.4
-0.879,153.909,20.638,167.125,149.578,183.326,2.539,4.6
0.876,157.247,20.638,152.372,147.964,183.326,2.536,4.8
1.874,154.874,20.638,149.358,148.12,183.736,2.521,5.2
1.374,154.541,20.638,134.994,148.871,184.556,2.513,5.5
0.749,153.707,20.638,129.993,149.706,184.829,2.502,5.7
0,153.042,20.638,135.759,151.052,184.829,2.485,5.8
0,154.375,20.638,159.124,151.907,185.376,2.479,5.8
0.125,157.998,20.638,136.14,151.643,184.556,2.478,5.7
0.791,157.667,20.638,118.888,152.832,184.008,2.481,6.3
1.208,158.415,20.638,120.252,154.003,183.736,2.483,6.8
1.831,158.128,20.638,131.095,154.855,183.874,2.482,7.1
3.083,155.962,20.638,163.076,157.463,185.235,2.478,7.3
3.251,154.624,20.638,164.848,160.434,187.43,2.475,6.8
3.999,153.627,20.638,129.873,160.559,190.298,2.468,6.6
3.583,154.96,20.638,143.402,158.282,190.298,2.469,6.4
2.708,156.209,20.638,153.245,154.145,191.939,2.473,6.6
2.5,154.166,20.638,148.752,151.061,193.307,2.476,7
2.75,149.501,20.638,140.377,147.891,194.399,2.478,7.4
2.875,149.125,20.638,127.936,143.565,193.989,2.481,7.6
1.626,143.881,20.638,121.573,139.726,193.717,2.481,7.7
2.664,147.156,20.638,123.738,133.867,192.759,2.48,7.7
3.21,148.59,20.638,132.606,129.896,191.669,2.48,7.7
2.834,147.55,20.638,119.019,123.469,190.298,2.478,8.1
3.251,151.618,20.638,105.438,118.666,190.298,2.474,8.2
3.876,145.369,20.638,107.063,112.145,191.118,2.473,8.7
4.292,140.371,20.638,111.74,110.327,192.214,2.472,8.6
4.333,134.874,20.638,104.127,109.978,193.307,2.466,8.7
4.125,132.417,20.638,114.688,111.901,193.989,2.458,8.8
3.833,128.003,20.638,106.321,119.285,195.219,2.446,9
3.75,123.005,20.638,107.56,127.484,196.04,2.444,9.3
4.166,121.169,20.638,119.24,140.566,196.584,2.446,9.2
4.125,116.715,20.638,158.818,158.299,196.04,2.46,8.8
4,117.157,20.638,180.959,171.467,194.951,2.472,8.3
4.627,120.914,20.638,155.641,193.392,192.208,2.492,7.2
5.876,119.497,20.638,168.21,206.759,189.478,2.509,6.6
6.876,116.874,20.638,245.823,212.928,188.247,2.515,5.8
7.959,116.291,20.638,253.538,218.987,187.975,2.525,5.6
8.833,118.084,20.638,212.4,220.393,185.924,2.531,5.2
8.917,121.541,20.638,217.254,213.656,184.284,2.532,5
8.75,128.33,20.638,191.507,196.936,182.916,2.529,5
8.75,132.245,20.638,172.385,187.209,182.916,2.52,5.2
8.001,135.122,20.638,136.386,175.548,184.553,2.495,6.7
7.919,138.701,20.638,154.613,167.077,188.375,2.479,7.7
8.295,141.868,20.638,142.917,159.58,191.115,2.467,8.5
8.966,146.047,20.638,130.604,151.276,193.582,2.458,9.2
8.631,148.878,20.638,127.999,147.748,195.219,2.458,9.2
7.258,152.252,20.638,130.134,143.961,196.04,2.452,9
7.01,154.418,20.638,144.997,143.641,196.04,2.448,9
6.553,155.917,20.638,128.504,145.783,195.767,2.438,8.8
6.346,155.292,20.638,164.491,148.768,195.63,2.438,8.6
6.432,152.71,20.638,169.228,153.859,194.675,2.448,8.3
6.765,150.877,20.638,187.74,156.704,192.762,2.452,8.3
6.52,146.381,20.638,205.134,159.51,192.349,2.469,8.4
7.104,144.878,20.638,188.783,159.212,192.076,2.472,8.2
7.064,144.793,20.638,171.868,155.896,191.666,2.474,7.9
7.067,145.167,20.638,166.482,152.656,191.391,2.481,7.6
7.402,145.252,20.638,165.059,149.339,191.118,2.493,7.3
6.996,147.874,20.638,164.473,148.81,189.478,2.504,7.1
6.746,146.875,20.638,161.278,150.363,188.658,2.511,6.9
6.704,151.957,20.638,185.001,154.699,186.335,2.527,7
6.788,154.5,20.638,177.124,159.324,185.376,2.535,7
6.705,153.751,20.638,213.334,166.073,184.832,2.539,6.7
6.372,153.251,20.638,212.79,168.178,183.739,2.535,6.9
5.747,149.88,20.638,191.263,170.906,184.963,2.512,6
5.663,150.873,20.638,191.238,171.271,185.511,2.517,6.3
5.955,151.041,20.638,165.826,170.511,186.335,2.515,6.4
6.33,149.58,20.638,166.044,168.437,186.745,2.511,6.5
6.746,147,20.638,186.741,165.234,187.017,2.507,6.7
6.746,147.252,20.638,183.993,159.391,188.247,2.498,6.3
7.33,150.917,20.638,173.62,155.176,187.975,2.503,6.5
7.868,154.333,20.638,156.003,149.317,188.385,2.504,6.7
8.117,153.086,20.638,147.88,146.687,189.202,2.507,7
8.575,147.587,20.638,127.628,145.251,190.708,2.511,7.5
8.991,144.755,20.638,136.113,145.394,191.528,2.499,7.7
9.616,146.123,20.638,136.865,147.339,190.301,2.491,7.8
9.2,148.798,20.638,135.759,149.03,191.122,2.486,7.8
9.243,150.125,20.638,159.754,151.508,189.885,2.483,7.2
9.409,149.665,20.638,164.391,152.72,188.382,2.486,6.8
9.576,147.623,20.638,174.234,152.606,186.197,2.498,6.5
9.742,145.374,20.638,157.762,150.804,184.556,2.51,6.3
9.992,143.792,20.638,170.754,146.992,183.188,2.505,6.2
10.367,142.084,20.638,164.76,139.532,182.506,2.491,6.1
10.617,142.166,20.638,132.142,134.994,182.916,2.481,6
10.95,144.039,20.638,149.835,131.203,184.691,2.47,5.9
11.117,145.622,20.638,156.236,130.664,186.604,2.467,5.8
11.492,146.623,20.638,168.268,125.8,188.244,2.474,5.9
11.659,144.621,20.638,194.699,123.934,188.795,2.474,5.7
12.243,142.373,20.638,70.603,124.108,187.972,2.482,5.8
12.534,142.376,20.638,76.99,123.748,187.289,2.492,6
12.701,144.668,20.638,136.268,122.117,187.017,2.504,6.3
12.867,146.75,20.638,159.01,122.469,187.017,2.507,6.5
12.867,149.999,20.638,145.503,129.012,188.247,2.505,6.4
13.2,150.749,20.638,128.753,132.562,188.795,2.508,6.2
13.367,150.501,20.638,122.377,138.167,189.068,2.51,6
13.118,149.624,20.638,129.474,151.849,189.068,2.511,5.8
12.618,150.373,20.638,148.979,163.892,189.068,2.511,5.7
12.244,151.263,20.638,196.116,178.324,187.014,2.508,5
12.994,157.011,20.638,245.947,178.838,185.373,2.507,4.8
13.534,163.63,20.638,302.519,172.268,182.092,2.51,4.1
13.492,167.337,20.638,319.727,163.746,181.137,2.512,3.9
12.909,169.582,20.638,262.713,150.664,182.643,2.51,3.9
12.242,166.75,20.638,194.118,144.936,184.556,2.507,3.9
11.992,158.003,20.638,169.245,147.878,185.787,2.505,4.4
11.742,152.755,20.638,190.728,156.975,187.427,2.507,4.5
11.784,144.633,20.638,215.731,178.119,186.338,2.511,4.6
11.784,139.55,20.638,232.098,198.622,184.966,2.511,4.4
